[
  {
    "category": "Weapons"
  },
  {
    "category": "Weapons"
  },
  {
    "category": "Sports"
  },
  {
    "category": "Sports"
  },
  {
    "category": "Other"
  },
  {
    "category": "Other"
  },
  {
    "category": "Garden"
  },
  {
    "category": "Garden"
  },
  {
    "category": "For Children"
  },
  {
    "category": "For Children"
  },
  {
    "category": "Fashion"
  },
  {
    "category": "Fashion"
  },
  {
    "category": "Electronics"
  },
  {
    "category": "Electronics"
  },
  {
    "category": "Drugs"
  },
  {
    "category": "Drugs"
  },
  {
    "category": "Business"
  },
  {
    "category": "Business"
  },
  {
    "category": "Autoparts"
  },
  {
    "category": "Autoparts"
  },
  {
    "category": "Adult"
  },
  {
    "category": "Adult"
  }
]